namn,alias,ticker,yahoo_ticker,börs,mfn_slug
Samhällsbyggnadsbolaget i Norden,SBB|Samhällsbyggnadsbolaget,SBB B,SBB-B.ST,Nasdaq Stockholm,
Castellum,,CAST,CAST.ST,Nasdaq Stockholm,
Swedbank,,SWED A,SWED-A.ST,Nasdaq Stockholm,
Skandinaviska Enskilda Banken,SEB,SEB A,SEB-A.ST,Nasdaq Stockholm,
Svenska Handelsbanken,Handelsbanken|SHB,SHB A,SHB-A.ST,Nasdaq Stockholm,
Volvo,AB Volvo|Volvokoncernen,VOLV B,VOLV-B.ST,Nasdaq Stockholm,
Ericsson,Telefonaktiebolaget LM Ericsson,ERIC B,ERIC-B.ST,Nasdaq Stockholm,
AstraZeneca,,AZN,AZN.ST,Nasdaq Stockholm,
Novo Nordisk,Novo,NOVO B,NOVO-B.CO,Nasdaq Copenhagen,
Salesforce,,CRM,CRM,NYSE,
